INSERT INTO `Member` VALUES 
('1000','Wiley','Coyote','M','9/10/1961'),
('1100','Bugs','Bunny','M','6/24/1990'),
('1200','Olive','Oyl','F','7/19/1989'),
('1300','Alice','Wonderland','F','7/19/1989'),
('1400','Roger','Ramjet','M','1/13/1985'),
('1500','Larry','Lujack','M','6/6/1940'),
('1600','Thomas','Tankengine','M','4/1/1991'),
('1700','Amber','Corwin','F','12/1/1970'),
('1800','Dworkin','Barimen','M','12/2/1950'),
('1900','Bel','Garion','M','01/01/1983'),
('2000','Pol','Gara','F','01/10/1963'),
('2001','Art','Clark','M','12/6/2001'),
('2002','Edith','Crawley','F','09/4/1962'),
('2003','John','Bates','M','12/12/2001'),
('2004','Thomas','Barrow','M','05/05/2005'),
('2005','John','Watson','M','02/22/1975'),
('2006','Jim','Moriarty','M','03/12/1967'),
('2007','Walter','White','M','05/14/1983'),
('2008','Skyler','White','F','04/12/1983'),
('2009','Dexter','Morgan','M','07/11/1994'),
('2010','Rita','Bennett','F','11/12/2001'),
('2011','Sun','Kwon','F','10/19/1988'),
('2012','John','Locke','M','01/01/2000'),
('2013','Clair','Littleton','F','02/01/2001'),
('2015','Claire','Bennet','F','03/11/2001'),
('2016','Mohinder','Suresh','M','04/15/1993'),
('2017','Chloe','Sullivan','F','05/16/2007'),
('2018','Martha','Kent','F','02/13/1954'),
('2019','Paige','Matthews','F','03/16/1977'),
('2020','Leo','Wyatt','M','10/01/2000'),
('2021','Buffy','Summers','F','05/26/2000'),
('2022','Xander','Harris','M','06/23/2001')
;

INSERT INTO `Book` VALUES 
('96-42103-10001','HowtoGrowTomatoes','02/10/1963');

INSERT INTO `Book` VALUES 
('96-42103-10002','Mr.SmithGoestoWashington','03/23/2010');

INSERT INTO `Book` VALUES 
('96-42103-10003','StudyingisYourFriend','04/11/1955');

INSERT INTO `Book` VALUES 
('96-42103-10004','ToHaveandToCherish','06/01/2011');

INSERT INTO `Book` VALUES 
('96-42103-10005','HalFindsaHome','03/15/2001');

INSERT INTO `Book` VALUES 
('96-42103-10006','LastTraintoClarksville','10/30/1999');

INSERT INTO `Book` VALUES 
('96-42103-10007','HowtoDigitallySign','11/21/2003');

INSERT INTO `Book` VALUES 
('96-42103-10008','SamNeedsaFriend','12/23/2013');

INSERT INTO `Book` VALUES 
('96-42103-10009','DowntonAbbey','12/14/2005');

INSERT INTO `Book` VALUES 
('96-42103-10011','DatabaseTheory','01/14/2010');

INSERT INTO `Book` VALUES 
('96-42103-10022','ChallengingPuzzles','03/15/1988');

INSERT INTO `Book` VALUES 
('96-42103-10033','AmericanFootball','02/08/2011');

INSERT INTO `Book` VALUES 
('96-42103-10034','EuropeanFootball','08/08/2015');

INSERT INTO `Book` VALUES 
('96-42103-10040','WheretoStart','05/09/2012');

INSERT INTO `Book` VALUES 
('96-42103-10054','LaceyDiscoversHerself','06/12/2013');

INSERT INTO `Book` VALUES 
('96-42103-10068','Mr.Ed','09/03/2009');

INSERT INTO `Book` VALUES 
('96-42103-10081','EscapefromGilligansIsland','03/29/2009');

INSERT INTO `Book` VALUES 
('96-42103-10093','FixingComputers','01/29/2010');

INSERT INTO `Book` VALUES 
('96-42103-10109','RedBurn','01/20/2011');

INSERT INTO `Book` VALUES 
('96-42103-10206','TaksMcGrill','02/21/2000');

INSERT INTO `Book` VALUES 
('96-42103-10300','EatingHealthy','02/16/1999');

INSERT INTO `Book` VALUES 
('96-42103-10401','HowtoGrowCucumbers','03/14/1945');

INSERT INTO `Book` VALUES 
('96-42103-10502','GardeningTips','08/16/1973');

INSERT INTO `Book` VALUES 
('96-42103-10604','UsingtheLibrary','09/09/1993');

INSERT INTO `Book` VALUES 
('96-42103-10709','TooManyCooks','01/03/1983');

INSERT INTO `Book` VALUES 
('96-42103-10800','GreenisYourFriend','03/22/2000');

INSERT INTO `Book` VALUES 
('96-42103-10907','CubsWin!','06/02/2005');

INSERT INTO `Book` VALUES 
('96-42103-11003','MissingTomorrow','09/01/2005');

INSERT INTO `Borrowed` VALUES 
('1100','96-42103-10604','4/13/2016','4/17/2016'),
('1100','96-42103-10604','3/9/2016','3/10/2016'),
('1100','96-42103-10003','3/23/2016','3/24/2016'),
('1100','96-42103-10401','5/14/2016','5/16/2016'),
('1100','96-42103-10001','4/27/2016','4/30/2016'),
('1100','96-42103-10040','5/16/2016','5/16/2016'),
('1100','96-42103-10709','5/18/2016','5/21/2016'),
('1100','96-42103-10081','3/15/2016','3/17/2016'),
('1200','96-42103-10081','4/10/2016','4/16/2016'),
('1200','96-42103-10093','3/27/2016','3/29/2016'),
('1200','96-42103-10109','4/15/2016','4/18/2016'),
('1300','96-42103-10022','3/9/2016','3/10/2016'),
('1300','96-42103-10206','5/11/2016','5/14/2016'),
('1300','96-42103-10007','5/11/2016','5/12/2016'),
('1300','96-42103-10001','3/28/2016','4/4/2016'),
('1300','96-42103-10008','4/20/2016','4/26/2016'),
('1400','96-42103-10033','3/26/2016','3/29/2016'),
('1400','96-42103-10800','3/4/2016','3/6/2016'),
('1400','96-42103-10008','5/24/2016','5/29/2016'),
('1400','96-42103-10007','5/6/2016','5/11/2016'),
('1400','96-42103-11003','3/5/2016','3/10/2016'),
('1400','96-42103-10022','3/4/2016','3/7/2016'),
('1500','96-42103-10004','5/14/2016','5/16/2016'),
('1500','96-42103-10800','4/2/2016','4/5/2016'),
('1600','96-42103-10206','5/21/2016','5/27/2016'),
('1600','96-42103-10002','5/4/2016','5/9/2016'),
('1600','96-42103-10011','3/20/2016','3/20/2016'),
('1600','96-42103-10800','5/10/2016','5/13/2016'),
('1600','96-42103-10300','3/22/2016','3/24/2016'),
('1700','96-42103-10040','5/18/2016','5/21/2016'),
('1700','96-42103-10604','4/17/2016','4/18/2016'),
('1700','96-42103-11003','4/17/2016','4/20/2016'),
('1700','96-42103-10004','4/5/2016','4/11/2016'),
('1700','96-42103-10081','3/5/2016','3/8/2016'),
('1700','96-42103-10800','4/22/2016','4/28/2016'),
('1800','96-42103-10011','4/25/2016','4/26/2016'),
('1900','96-42103-10008','5/1/2016','5/1/2016'),
('2000','96-42103-10093','4/12/2016','4/12/2016'),
('2000','96-42103-10005','5/17/2016','5/21/2016'),
('2000','96-42103-10109','5/9/2016','5/11/2016'),
('2000','96-42103-10006','5/8/2016','5/11/2016'),
('2001','96-42103-10040','4/22/2016','4/25/2016'),
('2002','96-42103-10040','5/22/2016','5/27/2016'),
('2002','96-42103-10008','4/21/2016','4/25/2016'),
('2002','96-42103-10081','3/4/2016','3/6/2016'),
('2002','96-42103-10006','4/27/2016','5/2/2016'),
('2003','96-42103-10040','4/9/2016','4/14/2016'),
('2003','96-42103-10033','3/14/2016','3/15/2016'),
('2003','96-42103-10068','4/12/2016','4/16/2016'),
('2004','96-42103-10800','5/13/2016','5/17/2016'),
('2004','96-42103-10040','4/27/2016','5/2/2016'),
('2004','96-42103-10007','4/21/2016','4/23/2016'),
('2004','96-42103-10907','5/9/2016','5/10/2016'),
('2004','96-42103-10800','5/24/2016','5/28/2016'),
('2005','96-42103-10011','4/20/2016','4/22/2016'),
('2006','96-42103-10800','4/4/2016','4/4/2016'),
('2007','96-42103-10709','3/13/2016','3/17/2016'),
('2007','96-42103-10033','3/19/2016','3/24/2016'),
('2007','96-42103-10068','4/19/2016','4/20/2016'),
('2008','96-42103-10502','3/12/2016','3/14/2016'),
('2008','96-42103-11003','4/4/2016','4/8/2016'),
('2009','96-42103-10022','3/24/2016','3/30/2016'),
('2009','96-42103-10709','4/12/2016','4/15/2016'),
('2009','96-42103-10022','4/10/2016','4/10/2016'),
('2009','96-42103-10009','3/20/2016','3/22/2016'),
('2009','96-42103-10033','4/30/2016','5/2/2016'),
('2009','96-42103-10007','3/7/2016','3/13/2016'),
('2009','96-42103-10002','4/12/2016','4/13/2016'),
('2009','96-42103-10709','4/30/2016','5/3/2016'),
('2009','96-42103-10054','4/29/2016','5/2/2016'),
('2011','96-42103-10093','4/20/2016','4/20/2016'),
('2011','96-42103-10011','3/9/2016','3/11/2016'),
('2011','96-42103-10081','3/15/2016','3/20/2016'),
('2011','96-42103-10800','5/29/2016', NULL),
('2011','96-42103-11003','3/6/2016','3/8/2016'),
('2011','96-42103-10040','3/10/2016','3/16/2016'),
('2012','96-42103-10009','3/28/2016','3/29/2016'),
('2012','96-42103-10006','3/24/2016','3/28/2016'),
('2012','96-42103-11003','4/4/2016','4/9/2016'),
('2012','96-42103-10008','4/26/2016','4/28/2016'),
('2012','96-42103-10002','5/27/2016', NULL),
('2013','96-42103-10008','4/19/2016','4/23/2016'),
('2013','96-42103-10054','3/26/2016','3/29/2016'),
('2013','96-42103-10033','5/17/2016','5/21/2016'),
('2016','96-42103-10033','4/28/2016','4/30/2016'),
('2016','96-42103-10907','4/22/2016','4/28/2016'),
('2016','96-42103-10206','5/9/2016','5/14/2016'),
('2016','96-42103-10907','3/6/2016','3/8/2016'),
('2016','96-42103-10907','3/21/2016','3/22/2016'),
('2016','96-42103-10001','4/7/2016','4/8/2016'),
('2016','96-42103-10206','5/15/2016','5/15/2016'),
('2017','96-42103-10709','4/20/2016','4/25/2016'),
('2017','96-42103-10300','5/20/2016','5/26/2016'),
('2017','96-42103-10093','3/19/2016','3/23/2016'),
('2017','96-42103-10300','5/1/2016','5/5/2016'),
('2017','96-42103-10004','3/14/2016','3/16/2016'),
('2018','96-42103-10033','3/5/2016','3/7/2016'),
('2018','96-42103-10004','3/25/2016','3/27/2016'),
('2018','96-42103-10907','3/16/2016','3/20/2016'),
('2018','96-42103-10008','5/10/2016','5/10/2016'),
('2018','96-42103-10033','4/1/2016','4/7/2016'),
('2018','96-42103-10300','4/5/2016','4/10/2016'),
('2018','96-42103-10206','3/5/2016','3/11/2016'),
('2018','96-42103-10709','4/20/2016','4/25/2016'),
('2018','96-42103-10206','5/12/2016','5/17/2016'),
('2019','96-42103-10009','3/11/2016','3/12/2016'),
('2020','96-42103-10022','4/9/2016','4/10/2016'),
('2020','96-42103-10206','5/13/2016','5/18/2016'),
('2020','96-42103-10093','4/8/2016','4/12/2016'),
('2020','96-42103-10401','5/29/2016', NULL),
('2021','96-42103-10033','3/14/2016','3/16/2016'),
('2021','96-42103-10001','5/21/2016','5/26/2016'),
('2021','96-42103-10054','4/29/2016','4/30/2016'),
('2022','96-42103-10009','3/25/2016','3/29/2016'),
('2022','96-42103-10011','5/3/2016','5/6/2016'),
('2022','96-42103-10109','4/16/2016','4/21/2016'),
('2022','96-42103-11003','6/1/2016', NULL),
('2022','96-42103-10081','3/26/2016','3/30/2016'),
('2022','96-42103-10093','3/27/2016','3/29/2016'),
('2022','96-42103-10502','3/26/2016','4/1/2016'),
('2022','96-42103-10003','5/6/2016','5/9/2016')
;

INSERT INTO `Author` VALUES 
('101','Bobby','Ewing');

INSERT INTO `Phone` VALUES 
('970-555-1000','c');

INSERT INTO `AuthPhone` VALUES 
('101','970-555-1000');

INSERT INTO `Phone` VALUES 
('970-555-1010','h');

INSERT INTO `AuthPhone` VALUES 
('101','970-555-1010');

INSERT INTO `Author` VALUES 
('102','Red','Skelton');

INSERT INTO `Phone` VALUES 
('970-555-1100','o');

INSERT INTO `AuthPhone` VALUES 
('102','970-555-1100');

INSERT INTO `Author` VALUES 
('201','Thomas','Magnum');

INSERT INTO `Phone` VALUES 
('303-555-1200','h');

INSERT INTO `AuthPhone` VALUES 
('201','303-555-1200');

INSERT INTO `Author` VALUES 
('202','Julie','Barnes');

INSERT INTO `Phone` VALUES 
('303-555-1200','h');

INSERT INTO `AuthPhone` VALUES 
('202','303-555-1200');

INSERT INTO `Phone` VALUES 
('303-555-1210','c');

INSERT INTO `AuthPhone` VALUES 
('202','303-555-1210');

INSERT INTO `Author` VALUES 
('203','Roger','Ramjet');

INSERT INTO `Phone` VALUES 
('970-555-1400','c');

INSERT INTO `AuthPhone` VALUES 
('203','970-555-1400');

INSERT INTO `Author` VALUES 
('204','Mickey','Hart');

INSERT INTO `Author` VALUES 
('205','Grace','Slick');

INSERT INTO `Phone` VALUES 
('970-555-1600','h');

INSERT INTO `AuthPhone` VALUES 
('205','970-555-1600');

INSERT INTO `Author` VALUES 
('206','Perry','Mason');

INSERT INTO `Phone` VALUES 
('970-555-1600','h');

INSERT INTO `AuthPhone` VALUES 
('206','970-555-1600');

INSERT INTO `Author` VALUES 
('207','Dickey','Betts');

INSERT INTO `Phone` VALUES 
('970-555-1800','c');

INSERT INTO `AuthPhone` VALUES 
('207','970-555-1800');

INSERT INTO `Author` VALUES 
('208','Waco','Kid');

INSERT INTO `Phone` VALUES 
('970-555-1900','h');

INSERT INTO `AuthPhone` VALUES 
('208','970-555-1900');

INSERT INTO `Author` VALUES 
('209','Roger','Thornhill');

INSERT INTO `Phone` VALUES 
('970-555-2000','h');

INSERT INTO `AuthPhone` VALUES 
('209','970-555-2000');

INSERT INTO `Phone` VALUES 
('970-555-2010','c');

INSERT INTO `AuthPhone` VALUES 
('209','970-555-2010');

INSERT INTO `Author` VALUES 
('210','Scottie','Ferguson');

INSERT INTO `Phone` VALUES 
('970-555-2001','h');

INSERT INTO `AuthPhone` VALUES 
('210','970-555-2001');

INSERT INTO `Author` VALUES 
('301','Barbara','Wright');

INSERT INTO `Phone` VALUES 
('970-555-2020','c');

INSERT INTO `AuthPhone` VALUES 
('301','970-555-2020');

INSERT INTO `Author` VALUES 
('302','John','Crichton');

INSERT INTO `Phone` VALUES 
('970-555-2300','o');

INSERT INTO `AuthPhone` VALUES 
('302','970-555-2300');

INSERT INTO `Author` VALUES 
('303','Aeon','Flux');

INSERT INTO `Phone` VALUES 
('970-555-2400','h');

INSERT INTO `AuthPhone` VALUES 
('303','970-555-2400');

INSERT INTO `Phone` VALUES 
('970-555-2401','c');

INSERT INTO `AuthPhone` VALUES 
('303','970-555-2401');

INSERT INTO `Phone` VALUES 
('970-555-2403','o');

INSERT INTO `AuthPhone` VALUES 
('303','970-555-2403');

INSERT INTO `Author` VALUES 
('304','Robert','Crawley');

INSERT INTO `Phone` VALUES 
('970-555-2400','h');

INSERT INTO `AuthPhone` VALUES 
('304','970-555-2400');

INSERT INTO `Phone` VALUES 
('970-555-2402','c');

INSERT INTO `AuthPhone` VALUES 
('304','970-555-2402');

INSERT INTO `Phone` VALUES 
('970-555-2403','o');

INSERT INTO `AuthPhone` VALUES 
('304','970-555-2403');

INSERT INTO `Publisher` VALUES 
('10000','Wiley');

INSERT INTO `Phone` VALUES 
('970-555-5000','o');

INSERT INTO `PubPhone` VALUES 
('10000','970-555-5000');

INSERT INTO `Publisher` VALUES 
('10001','McGraw-Hill');

INSERT INTO `Phone` VALUES 
('970-555-5010','o');

INSERT INTO `PubPhone` VALUES 
('10001','970-555-5010');

INSERT INTO `Publisher` VALUES 
('10002','CoyotePublishing');

INSERT INTO `Phone` VALUES 
('970-555-5020','o');

INSERT INTO `PubPhone` VALUES 
('10002','970-555-5020');

INSERT INTO `Publisher` VALUES 
('10003','Amazon');

INSERT INTO `Phone` VALUES 
('970-555-5030','o');

INSERT INTO `PubPhone` VALUES 
('10003','970-555-5030');

INSERT INTO `Publisher` VALUES 
('10004','JerrysIceCream');

INSERT INTO `Phone` VALUES 
('970-555-5040','o');

INSERT INTO `PubPhone` VALUES 
('10004','970-555-5040');

INSERT INTO `Publisher` VALUES 
('10005','BuyaBoat');

INSERT INTO `Phone` VALUES 
('970-555-5050','o');

INSERT INTO `PubPhone` VALUES 
('10005','970-555-5050');

INSERT INTO `Publisher` VALUES 
('10006','FlagstaffPublishing');

INSERT INTO `Phone` VALUES 
('970-555-5060','o');

INSERT INTO `PubPhone` VALUES 
('10006','970-555-5060');

INSERT INTO `Phone` VALUES 
('970-555-5070','c');

INSERT INTO `PubPhone` VALUES 
('10006','970-555-5070');

INSERT INTO `Publisher` VALUES 
('10007','RamWest');

INSERT INTO `Phone` VALUES 
('970-555-5080','o');

INSERT INTO `PubPhone` VALUES 
('10007','970-555-5080');

INSERT INTO `Written` VALUES 
('96-42103-10001','101');

INSERT INTO `Written` VALUES 
('96-42103-10001','208');

INSERT INTO `Written` VALUES 
('96-42103-10002','102');

INSERT INTO `Written` VALUES 
('96-42103-10003','203');

INSERT INTO `Written` VALUES 
('96-42103-10003','201');

INSERT INTO `Written` VALUES 
('96-42103-10004','209');

INSERT INTO `Written` VALUES 
('96-42103-10004','302');

INSERT INTO `Written` VALUES 
('96-42103-10004','304');

INSERT INTO `Written` VALUES 
('96-42103-10005','204');

INSERT INTO `Written` VALUES 
('96-42103-10006','101');

INSERT INTO `Written` VALUES 
('96-42103-10007','102');

INSERT INTO `Written` VALUES 
('96-42103-10007','302');

INSERT INTO `Written` VALUES 
('96-42103-10008','209');

INSERT INTO `Written` VALUES 
('96-42103-10008','210');

INSERT INTO `Written` VALUES 
('96-42103-10008','301');

INSERT INTO `Written` VALUES 
('96-42103-10009','304');

INSERT INTO `Written` VALUES 
('96-42103-10011','207');

INSERT INTO `Written` VALUES 
('96-42103-10011','208');

INSERT INTO `Written` VALUES 
('96-42103-10022','203');

INSERT INTO `Written` VALUES 
('96-42103-10033','202');

INSERT INTO `Written` VALUES 
('96-42103-10034','202');

INSERT INTO `Written` VALUES 
('96-42103-10040','205');

INSERT INTO `Written` VALUES 
('96-42103-10040','203');

INSERT INTO `Written` VALUES 
('96-42103-10054','201');

INSERT INTO `Written` VALUES 
('96-42103-10054','202');

INSERT INTO `Written` VALUES 
('96-42103-10068','210');

INSERT INTO `Written` VALUES 
('96-42103-10081','101');

INSERT INTO `Written` VALUES 
('96-42103-10081','204');

INSERT INTO `Written` VALUES 
('96-42103-10093','102');

INSERT INTO `Written` VALUES 
('96-42103-10109','304');

INSERT INTO `Written` VALUES 
('96-42103-10109','208');

INSERT INTO `Written` VALUES 
('96-42103-10206','210');

INSERT INTO `Written` VALUES 
('96-42103-10206','301');

INSERT INTO `Written` VALUES 
('96-42103-10300','207');

INSERT INTO `Written` VALUES 
('96-42103-10300','208');

INSERT INTO `Written` VALUES 
('96-42103-10401','101');

INSERT INTO `Written` VALUES 
('96-42103-10401','203');

INSERT INTO `Written` VALUES 
('96-42103-10502','201');

INSERT INTO `Written` VALUES 
('96-42103-10502','202');

INSERT INTO `Written` VALUES 
('96-42103-10604','201');

INSERT INTO `Written` VALUES 
('96-42103-10709','303');

INSERT INTO `Written` VALUES 
('96-42103-10709','201');

INSERT INTO `Written` VALUES 
('96-42103-10800','301');

INSERT INTO `Written` VALUES 
('96-42103-10800','302');

INSERT INTO `Written` VALUES 
('96-42103-10907','102');

INSERT INTO `Written` VALUES 
('96-42103-10907','301');

INSERT INTO `Written` VALUES 
('96-42103-11003','204');

INSERT INTO `Written` VALUES 
('96-42103-11003','205');

INSERT INTO `Written` VALUES 
('96-42103-11003','206');

INSERT INTO `Written` VALUES 
('96-42103-11003','207');

